{
  "version": 2,
  "builds": [
    {
      "src": "package.json",
      "use": "@vercel/next"
    }
  ],
  "routes": [
    {
      "src": "/sw.js",
      "dest": "/sw.js",
      "headers": {
        "Cache-Control": "public, max-age=0, must-revalidate"
      }
    },
    {
      "src": "/manifest.json",
      "dest": "/manifest.json",
      "headers": {
        "Cache-Control": "public, max-age=31536000, immutable"
      }
    }
  ],
  "headers": [
    {
      "source": "/(.*)",
      "headers": [
        {
          "key": "X-Frame-Options",
          "value": "DENY"
        },
        {
          "key": "X-Content-Type-Options",
          "value": "nosniff"
        },
        {
          "key": "Referrer-Policy",
          "value": "origin-when-cross-origin"
        },
        {
          "key": "Permissions-Policy",
          "value": "camera=(), microphone=(), geolocation=()"
        }
      ]
    }
  ],
  "functions": {
    "src/app/api/**/*.ts": {
      "maxDuration": 30
    }
  }
}
